show_id,type,title,director,cast,country,date_added,release_year,rating,duration
s0001,Movie,Could development,Carrie Williams,"David Kelly, Christopher Harris",France,"February 19, 2024",2014,TV-14,93 min
s0002,TV Show,Guess old,Zachary Pollard,"Bryan Warren, Jeremy Rivera, Ashley Smith",Germany,"December 25, 2024",2015,TV-14,1 Seasons
s0003,TV Show,There send,Adrian Morales,"Kathy Bright, Jordan Webb, Christopher Maynard",India,"December 04, 2023",2010,G,5 Seasons
s0004,Movie,Citizen way job,Billy Graham,"Kristina Daugherty, Brian Munoz",United Kingdom,"September 24, 2021",2001,TV-PG,108 min
s0005,TV Show,Policy still prevent,Melissa Jenkins,"Miguel Miller, John Williams, Gavin Ramirez, Anna Clark",South Korea,"December 30, 2020",2000,R,6 Seasons
s0006,TV Show,Control floor,Mr. Blake Perry,"Michael Cochran, Andre Jenkins, Mary Williams, Alan Medina",United States,"November 15, 2021",2002,PG-13,8 Seasons
s0007,Movie,Score age,Joshua Bender,"Kylie Wilson, Belinda Nguyen",India,"January 19, 2021",2023,PG,104 min
s0008,Movie,Movie approach throughout vote,Kara Shaffer,"Monica Lewis, Steve Stephenson, Mr. Mark King Jr.",India,"January 31, 2025",2021,TV-MA,151 min
s0009,TV Show,Will determine whatever,Anthony Reyes,"Heather Rhodes, Jordan Perez, Nathan Murray, Brian Lewis",Germany,"September 05, 2023",2008,R,5 Seasons
s0010,TV Show,Look born,Michael Thomas,"Frank King, Jeremy Harris",South Korea,"November 24, 2024",2013,PG-13,8 Seasons
s0011,TV Show,Particular father,Heather Walker,"John Rivera, Christopher Banks, Carolyn Jones, Laura Lyons",Canada,"July 16, 2023",2011,R,4 Seasons
s0012,TV Show,Focus when,Miss Michele Perez MD,"Michael Conway, Karen Hernandez",South Korea,"January 22, 2024",2018,PG-13,6 Seasons
s0013,Movie,Network sure claim,Debra Holt,"Julia Walters, Lori Thomas",Canada,"August 06, 2022",2008,R,172 min
s0014,TV Show,Floor none pretty plant,Shirley Smith,"Nicole Oliver, Sarah Valdez, Michael Jordan",United States,"May 26, 2025",2016,TV-PG,7 Seasons
s0015,Movie,Speak region,Mary Mccoy,"Tammy Scott, Jose Jordan DDS, Tiffany Dougherty, Janice Faulkner",France,"November 23, 2024",2007,TV-PG,107 min
s0016,TV Show,Central matter general,Monica Long,"Mary Sandoval, Sarah Roberts, Paul Johnson, Joan Thomas",United Kingdom,"February 25, 2023",2020,R,6 Seasons
s0017,Movie,List wish,Wendy Pitts,"Tyrone Wolf, Maria Solis, Kristen Robertson",France,"September 28, 2024",2017,TV-MA,104 min
s0018,TV Show,Firm,Nicholas Stewart,"Ryan Parker, Geoffrey Shaw, Heather Dixon, Joseph Gross",France,"February 21, 2023",2013,R,4 Seasons
s0019,Movie,Food pattern,Sherry Reynolds,"Michael Mccoy, Amy Ford, Julia Walsh",United Kingdom,"January 30, 2025",2018,PG-13,115 min
s0020,TV Show,Fire event,Richard Roberts,"Dorothy Lewis, Jacob Mack, Robin Larson",France,"February 07, 2021",2003,TV-MA,8 Seasons
s0021,TV Show,Camera enter hit,Dr. Christopher Diaz DVM,"Lauren Jordan, Donna Mcguire, Justin Wilson",Canada,"January 26, 2022",2007,TV-G,8 Seasons
s0022,Movie,Nothing subject society,Jorge Hodges,"Mary Hale MD, Natasha Kaiser, Abigail Marshall",United States,"July 06, 2021",2014,PG-13,134 min
s0023,TV Show,Drop from,Kathy Ford,"Susan Brown, Andrea House, Zachary Hanson, Peter Sanders",United States,"July 03, 2023",2023,TV-14,10 Seasons
s0024,Movie,Send drug prevent,Christopher Elliott,"Jason Ramirez, Jonathan Bolton, Rachael Bauer, Brandon Lopez",United States,"December 03, 2021",2005,R,134 min
s0025,TV Show,The share,Joseph Webb,"Jennifer Meyer, Rodney Miller, Nicole Price, Julia Elliott",India,"April 03, 2024",2001,TV-14,2 Seasons
s0026,Movie,College try,Heather Gould,"Michelle Morrison, Deborah Mcknight",India,"June 08, 2021",2023,PG,151 min
s0027,TV Show,Agreement data,Dylan Olsen,"Jasmin Franklin, Scott Castillo",United States,"August 14, 2021",2009,TV-14,5 Seasons
s0028,Movie,War age,John Collins DDS,"Colleen Wright, Mrs. Mary Turner",India,"February 18, 2023",2014,PG,80 min
s0029,TV Show,Likely capital,Kelly David,"Heather Cruz, William Cherry",Japan,"November 11, 2021",2009,TV-14,6 Seasons
s0030,Movie,Along summer should,William Carroll,"James Hendrix, Christy Clark, Cynthia Barker",Japan,"December 02, 2021",2016,PG-13,97 min
s0031,TV Show,Drive include,Donald Mccarthy,"Shane Sloan, Cheryl Kennedy, David Odonnell",Canada,"August 26, 2020",2019,R,5 Seasons
s0032,Movie,Expect add service write,Christopher Gonzales,"Trevor Cobb, Tamara Hall",India,"October 11, 2022",2017,TV-PG,127 min
s0033,TV Show,Wish media fear,Kaitlyn Walsh,"Becky Gonzalez, Jake Welch, Justin Zimmerman, Wanda Dunn",Japan,"June 28, 2020",2014,TV-MA,8 Seasons
s0034,TV Show,Age financial nearly,Jeffrey Cooper,"Julie Mueller, Sandra Heath",Japan,"August 31, 2022",2010,TV-PG,2 Seasons
s0035,TV Show,Hotel fall,Carol Williams,"Joshua Reynolds, Tammy Chen DDS",South Korea,"March 22, 2024",2011,TV-14,2 Seasons
s0036,TV Show,Develop tonight meet,Cynthia Charles,"Kristi Wagner DDS, Richard Jacobs",Japan,"May 26, 2025",2022,TV-MA,8 Seasons
s0037,Movie,Executive sea that,Brittany Sandoval,"Penny Manning, Kathy Smith, Michelle Richards",India,"October 27, 2021",2014,TV-PG,115 min
s0038,Movie,Standard our protect,Brian Gonzalez,"Andrew Gonzales, Sean Trevino, Joshua Williams Jr., Amanda Hernandez",Germany,"May 09, 2021",2003,PG,85 min
s0039,TV Show,Painting significant,Whitney Tyler,"Johnny Moore, Karen Coffey",India,"July 11, 2021",2001,TV-G,10 Seasons
s0040,TV Show,Newspaper question,Emma Obrien,"Jennifer Wallace, Shelly Hale",United Kingdom,"May 20, 2021",2018,G,6 Seasons
s0041,Movie,Wife particular base,Marilyn Morris,"Alexander Rodriguez, Brian Ali, Robert Torres",India,"September 02, 2022",2020,TV-PG,131 min
s0042,Movie,Cup hour,Bradley Henry,"Emma Chandler DVM, Gregory Herrera, Richard Pope",South Korea,"January 24, 2024",2014,G,80 min
s0043,Movie,Between,Christina Knight,"Ricky Evans, Pamela Miller, Heather Cordova",South Korea,"January 06, 2024",2010,TV-G,129 min
s0044,TV Show,Unit behavior,Todd Davidson,"Crystal Taylor, Erica Rivers",United Kingdom,"February 09, 2021",2018,TV-G,2 Seasons
s0045,TV Show,Law above,Sheila Rios,"Tricia Moore, Robert Black, Sharon Burke, Peter Davis",United Kingdom,"May 10, 2025",2022,TV-14,10 Seasons
s0046,TV Show,Camera radio,Jamie Nelson,"John Dawson, Kristina Brown, Nathan Stevens",France,"December 20, 2020",2014,G,8 Seasons
s0047,Movie,Rich on work,Thomas Zavala,"Susan Dixon, Adam Aguilar",United Kingdom,"December 12, 2024",2018,TV-G,159 min
s0048,Movie,Work what agency,Nicholas Lee,"Tammy Mcknight, Kenneth Michael",France,"December 18, 2023",2023,TV-PG,151 min
s0049,TV Show,Guy unit,Haley Williams,"Elijah Lopez, Mrs. Sherry Brown, John Le, Vickie Brewer",United Kingdom,"January 27, 2023",2013,TV-G,3 Seasons
s0050,Movie,Big fall society,Linda Ayala,"Donna White, Bryan Underwood",Germany,"January 27, 2025",2020,R,113 min
s0051,Movie,Station month order,Dennis Wilson,"Gregory Martin, Nicole Meyer",South Korea,"March 18, 2024",2009,TV-G,88 min
s0052,Movie,Lead once good,Dawn Wise,"Steve Zavala, Susan House, Kathy Mays",India,"February 11, 2022",2014,PG,117 min
s0053,TV Show,Call style,Donald Garcia,"Susan Logan, Brian Herrera, Aaron Smith",Germany,"January 25, 2025",2010,TV-14,8 Seasons
s0054,TV Show,Attorney,Jim Gutierrez,"Bryan Chen, Michael Ward, Darlene Reyes",United Kingdom,"April 14, 2021",2008,PG-13,7 Seasons
s0055,Movie,Could nature,Gary Powell,"Robert Smith, Julie Li, Morgan Hull, Edward Powell",Canada,"January 13, 2023",2009,R,108 min
s0056,Movie,Again so,Cole Walker,"Victoria Combs, Tanya Contreras",France,"October 11, 2023",2001,TV-MA,93 min
s0057,Movie,Society friend talk girl,John Lewis,"Lawrence Salas, Deanna Smith, John Rivera",Germany,"January 26, 2024",2007,G,143 min
s0058,TV Show,Safe off,Leah Lozano,"Patrick Martinez, Dawn Martin",Germany,"September 21, 2021",2014,PG,8 Seasons
s0059,Movie,Generation position least,Ruth Price,"Michael Gonzalez, Jay Haney, Jessica Krause, Christine Elliott",United Kingdom,"July 31, 2022",2000,TV-G,100 min
s0060,Movie,Medical girl,Bryan Floyd,"Dustin Cervantes, Ronnie Dominguez, Hannah Pittman, Robert Rodriguez",Germany,"April 11, 2021",2000,PG,142 min
s0061,Movie,Home,Mary Miller,"Eric Baker DDS, Kelli Cochran, Paul Leblanc",India,"November 21, 2023",2020,TV-G,167 min
s0062,TV Show,Partner,Heather Cunningham,"Rachel Wolf, Deanna Franklin MD, Ann Garrison",United States,"May 25, 2021",2022,G,6 Seasons
s0063,Movie,Case where cause,Kaitlin Romero,"Stephanie Smith, Joseph Shannon, Kevin Marsh",United Kingdom,"May 21, 2021",2020,TV-14,156 min
s0064,Movie,Close institution,Ms. Laura Hammond,"William Wells, Andrea Simmons, Shannon Hill",India,"January 16, 2021",2020,TV-G,126 min
s0065,Movie,Hot camera somebody director,Kristy Hammond,"Richard Cooper, David Bond, Teresa Buchanan MD",France,"July 26, 2023",2017,PG-13,129 min
s0066,TV Show,First,Tina Cummings,"Rebecca Delgado, Christina Goodwin",United Kingdom,"September 19, 2020",2013,TV-MA,3 Seasons
s0067,TV Show,Military,Nicole Patterson,"Scott Ortega, Erik Brown",United States,"November 11, 2021",2013,TV-PG,8 Seasons
s0068,Movie,Million million final window,Monica Riggs,"Matthew Matthews, John Moore, Regina Warren, Mia Wagner",United States,"August 12, 2022",2020,PG,124 min
s0069,TV Show,Tree leg speech,Brandi Gentry,"Austin Baxter, Christina Taylor, Erin Peterson",Japan,"September 28, 2022",2016,TV-G,1 Seasons
s0070,TV Show,Manager half care interest,Marcus Garrett,"James Cruz, Lynn Decker",United Kingdom,"October 20, 2024",2007,TV-PG,6 Seasons
s0071,TV Show,Or investment,Ryan Melton,"Ronald Ray, Courtney Harvey",United Kingdom,"February 03, 2022",2009,R,3 Seasons
s0072,TV Show,Return special six,Margaret Stewart,"Wayne Clements, Brent Harris",Canada,"July 14, 2021",2002,TV-G,3 Seasons
s0073,Movie,Available four this,David Jones,"Ralph Wilson, Patrick Weber",Germany,"July 04, 2024",2016,TV-MA,145 min
s0074,TV Show,Oil mouth behind,Edward Wallace,"Amanda Suarez, Erin Reeves",France,"January 30, 2021",2000,TV-MA,10 Seasons
s0075,TV Show,She decade,Krystal Alexander,"Theresa Christian, Jennifer Bennett",Japan,"July 25, 2020",2020,TV-14,10 Seasons
s0076,Movie,Most huge meet entire,Brittany Evans,"Ashley Salinas, Natalie Dyer, Kenneth Holmes",Germany,"September 04, 2023",2019,R,109 min
s0077,Movie,Wide tree,Jimmy Sanchez,"Karen Holt, Gabrielle Ferguson, Kristin Parker",Japan,"January 11, 2024",2015,R,155 min
s0078,TV Show,Trial only,James Turner,"Sydney Hernandez, Eric Peterson, Daniel Young",Germany,"January 20, 2022",2009,TV-MA,3 Seasons
s0079,Movie,Show south later,Tara Boone,"Anna Hutchinson, Douglas Nichols",United States,"October 14, 2024",2016,TV-MA,147 min
s0080,Movie,Drug direction,Dylan Soto,"Timothy Weber, Kristina Avery, Dennis Ibarra, James Costa",Japan,"May 25, 2024",2023,PG-13,145 min
s0081,Movie,Firm either,Daniel Carter,"Kathryn Ortiz, Mary Malone",United States,"March 01, 2023",2018,TV-14,121 min
s0082,TV Show,Well sister,Alexa Skinner,"Alyssa Shelton, Katherine Gonzalez, Darryl Carroll, Patricia Patel",South Korea,"August 25, 2023",2012,PG,6 Seasons
s0083,Movie,Seek able for,Kristen Thomas,"Ian Adams, Timothy Peters",Japan,"August 18, 2020",2020,PG-13,179 min
s0084,Movie,Environment company,John Sheppard,"Joanne Ferrell, Samantha Ayala, Eric Davis",India,"January 02, 2022",2010,G,174 min
s0085,TV Show,Response stock,Judy Conrad,"Brittany Nguyen, Eric Coleman, Jacob Valentine",United States,"October 31, 2021",2022,TV-14,5 Seasons
s0086,TV Show,Stay current wind,Gary Kramer,"Tyrone Willis, Sarah Hall",South Korea,"March 04, 2025",2017,TV-PG,3 Seasons
s0087,Movie,Contain vote great,Bianca Green,"Jeffrey Allen, Mr. Todd Miller, Megan Washington",South Korea,"July 21, 2022",2005,TV-PG,119 min
s0088,TV Show,Tough beautiful tonight,Tiffany Allen,"Troy Maxwell, Stephanie Garcia",Canada,"May 22, 2022",2007,PG,4 Seasons
s0089,TV Show,Food sort class,Christopher Figueroa,"Jason Ward, Alex Shaw",Japan,"April 23, 2023",2021,R,3 Seasons
s0090,TV Show,Eat develop,Kelly Horne,"Edwin Sharp, Pedro Alexander, Ann Miller, Casey Chandler",India,"January 19, 2024",2007,G,10 Seasons
s0091,Movie,Focus win throw,Dr. Jared Montgomery,"Paula Hamilton, Daniel Shields, Monique Hartman, Kerri Cochran",United States,"February 21, 2024",2022,TV-MA,104 min
s0092,TV Show,Yeah method,Barbara Cummings,"Megan Scott, Mathew Richardson, Bryan Sanders",France,"September 28, 2020",2009,TV-MA,7 Seasons
s0093,TV Show,Story attorney region,Abigail Brown,"Stephanie Anderson, Gavin Wallace",Japan,"August 13, 2021",2012,TV-14,3 Seasons
s0094,Movie,Test writer life,Shawn Wilson,"Sierra Price, Kenneth White",France,"February 05, 2023",2012,TV-MA,117 min
s0095,TV Show,Call weight,Evan Conner,"Sherry Lopez, Terry Humphrey",France,"September 15, 2023",2011,TV-MA,4 Seasons
s0096,Movie,Camera week,Edward Warren,"Regina Patton, Tyler Thompson",United Kingdom,"September 26, 2023",2019,G,142 min
s0097,Movie,Home throw,Suzanne Jordan,"Samantha Murphy, Jason Raymond, Evelyn Clark, Diana Martin",India,"July 18, 2020",2010,R,105 min
s0098,TV Show,Change just security,Michele Little,"Joshua Smith, Maurice Brown, Eric Dickerson, James Yang",Germany,"August 20, 2023",2010,TV-14,3 Seasons
s0099,Movie,Six for,Laura Howard,"Donald Smith, Courtney Rodriguez, Daniel Thompson",Germany,"March 18, 2021",2010,R,120 min
s0100,TV Show,Hundred beat push Mrs,Elizabeth Sanchez,"Melissa Barker, Regina Hood",India,"September 01, 2021",2017,G,5 Seasons
s0101,Movie,Staff possible control,Karen Schneider,"Tara Valdez, Catherine Smith, Matthew Simmons, Louis White",Japan,"October 30, 2021",2018,TV-14,123 min
s0102,TV Show,Artist crime stock,Wendy Williams,"Richard Owens, Christopher Cooper, Anna Hernandez, Howard Garcia",United States,"March 21, 2021",2012,PG-13,7 Seasons
s0103,Movie,North history ready,Leslie Mitchell,"Brittney Williams, Kyle Green, Joseph Ward",Germany,"April 03, 2022",2013,TV-14,146 min
s0104,TV Show,True or eye,Juan Galloway,"Christian Mcgee, Alyssa Zavala DDS, Deborah Wilson MD",South Korea,"December 01, 2021",2001,PG,8 Seasons
s0105,Movie,Republican past season,Denise Hunt,"Gary Mills, James Neal",Germany,"November 26, 2021",2007,TV-PG,163 min
s0106,TV Show,Begin well lay,John Morgan,"Jennifer Edwards, Sarah Williams, Amanda Allen",United States,"October 19, 2020",2008,TV-G,3 Seasons
s0107,TV Show,Fine almost fall,Kayla Barnett,"Breanna Sanders, Mr. Steven Brown, Abigail Walsh, Leslie Wells",United Kingdom,"December 26, 2024",2012,TV-G,2 Seasons
s0108,TV Show,Say explain expert,Jessica Gaines,"Robert Gray, Dennis Boyd",Canada,"February 19, 2025",2001,TV-MA,1 Seasons
s0109,Movie,Board professor hair,Stacey Kelly,"Alice Reed, Ronald Bridges",Germany,"November 17, 2021",2009,PG-13,140 min
s0110,TV Show,Rock,Peter Cox,"Beth Young, Tamara Salas, Steven Gonzalez",Japan,"April 02, 2021",2023,PG,10 Seasons
s0111,TV Show,Computer even,Bradley Potter,"Jason Carr, Jennifer Mcmillan",Germany,"December 31, 2023",2018,TV-MA,9 Seasons
s0112,TV Show,Return woman those,Christian Howell,"David Weaver, Adam Sawyer, Amber Woodward, Kenneth Bowman",United States,"April 25, 2021",2009,R,10 Seasons
s0113,Movie,Hot fight,Craig Williams,"John Smith, Leslie Davis",India,"January 16, 2023",2012,G,154 min
s0114,Movie,None model,Lisa Schmidt,"Cynthia Olson, Alyssa Hester, Tony Meyer, Gabriel Gregory",India,"July 11, 2023",2010,TV-G,119 min
s0115,TV Show,Media line,Laura Mejia,"Curtis Buchanan, Christina Simpson, Katherine Davis, Danielle Moreno",South Korea,"June 01, 2024",2000,TV-MA,1 Seasons
s0116,Movie,Beyond star machine,Justin Martinez,"Jay Carpenter, Patricia Chen, Samuel Sanchez, Christopher Contreras",India,"August 22, 2021",2015,TV-G,109 min
s0117,TV Show,Base team help,Jason Dixon,"Courtney Huynh, Jane Wagner",Japan,"June 11, 2022",2005,PG-13,2 Seasons
s0118,Movie,Institution report sort,Christine Gregory,"Kelly Smith, Eric Jackson",United States,"April 29, 2021",2011,TV-MA,134 min
s0119,Movie,Picture rich maintain,Shelly Lee,"Jason Jones, Michelle Lowe, Catherine Cortez",United Kingdom,"January 29, 2021",2011,TV-MA,129 min
s0120,Movie,Million method,Taylor Edwards,"Amy Stevens, David Garcia, Charles Orozco, Harry Herrera",France,"September 04, 2023",2000,TV-PG,155 min
s0121,Movie,Skill evening game government,Rachel Davis,"Jesus Foley, Nicole Weaver, Joseph Moses, Russell Jackson",United States,"January 31, 2025",2000,PG-13,159 min
s0122,Movie,Sign few,Jordan Gibson,"Anthony Brewer, Joshua Graham, Natalie Bean",India,"August 13, 2020",2021,PG,173 min
s0123,Movie,Of choice indicate,David Boyer,"Billy Allen, Hannah Martin, Bonnie Robertson",United States,"September 06, 2024",2021,G,134 min
s0124,Movie,Close bad,Anna Palmer,"Kevin Hamilton, Mark Jenkins, Anna Bell, Todd Larson",Canada,"August 07, 2024",2018,TV-PG,94 min
s0125,Movie,Operation above these,Charles Quinn,"Carol Dunlap, Johnny Quinn",United States,"March 29, 2022",2016,PG,120 min
s0126,Movie,Ago among,Jeremy Le,"Joseph Warren, Dennis Buck, Clayton English, Amber Davis",United Kingdom,"March 14, 2022",2016,TV-G,100 min
s0127,TV Show,High arrive join,Michael Lee,"Joseph Lucas, David Hopkins, Bradley Herrera",India,"February 08, 2024",2001,PG,7 Seasons
s0128,Movie,Reason expert,Virginia Garrett,"Tamara Ross, Samantha Martinez, Jeremy Nelson, Caleb Myers",Germany,"April 23, 2025",2010,TV-14,84 min
s0129,TV Show,Decide scientist prove woman,Jamie Jones PhD,"Jonathon Howell, Mark White, Linda Howard, Gregory Ross",United States,"July 17, 2024",2023,PG,3 Seasons
s0130,Movie,Dinner old,Brett Hall,"Austin Wilson, Melody Turner",United States,"August 17, 2022",2020,PG-13,102 min
s0131,Movie,Upon number good,Scott Baker,"Elizabeth Sullivan, Casey Garcia, Jennifer Lucas, Robert Mosley",United States,"April 23, 2021",2009,TV-MA,145 min
s0132,Movie,Able they,Katrina Young,"Deborah Ramirez MD, Catherine Peters, John Martinez",Japan,"October 30, 2023",2019,PG-13,119 min
s0133,TV Show,None when,Michael Morton,"Sean Pineda, Jamie Lopez, Linda Rice",India,"August 08, 2023",2014,TV-MA,4 Seasons
s0134,Movie,Mind material there teach,John Garza,"Lisa Simon, Erin Jackson",France,"April 14, 2022",2001,PG,99 min
s0135,Movie,Full author see,Robert Hall,"Harold Curry, Joseph Mcdonald, Aaron Schwartz",Japan,"July 02, 2021",2003,PG-13,119 min
s0136,TV Show,Development last fire,Brandon Hodge,"Jacqueline Martinez, Jennifer Jacobs",India,"May 16, 2025",2003,TV-MA,1 Seasons
s0137,TV Show,Threat interest center,Alexander Mcmillan,"James Ross, Steven Turner, Hannah Moreno",France,"October 18, 2022",2002,G,5 Seasons
s0138,Movie,School day spring,Christopher Brown,"Jason Hall, Scott Hendricks",France,"November 14, 2022",2003,TV-PG,88 min
s0139,TV Show,Vote himself tough news,Crystal Reese,"George Johnson, Jonathan Williams, Jamie Smith",Japan,"February 16, 2025",2006,TV-PG,2 Seasons
s0140,Movie,See trade keep,Julie King,"Devin Harding, Daniel Williams, William Melendez, Maria Martinez",France,"March 26, 2022",2014,PG,151 min
s0141,Movie,Agency report respond,Eric Tucker,"Travis Bridges, Danielle Lyons, Alexis Smith",United Kingdom,"April 18, 2021",2001,TV-PG,123 min
s0142,TV Show,Rich,Joanne Carney,"Chelsea Doyle, Melanie Marshall, Jeffrey Austin III, Melody Miller",France,"November 02, 2024",2016,TV-PG,4 Seasons
s0143,TV Show,Amount between none,David Hays,"Pamela Gray, Stephen Ochoa, James Ryan, Sarah Duncan",India,"May 25, 2024",2007,TV-14,6 Seasons
s0144,Movie,Recognize hold,Nathan Williams,"Lauren Chapman, Neil Harper, David Graham",Germany,"October 14, 2023",2021,TV-G,134 min
s0145,Movie,Shoulder whose,Michael Hinton,"Bryan Warner, Brooke Matthews",United Kingdom,"January 04, 2023",2005,PG,157 min
s0146,TV Show,Model democratic Mr,Marcus Trujillo,"Bonnie Shaffer, William Jarvis",Germany,"April 04, 2025",2013,R,8 Seasons
s0147,Movie,Of prove eat,Nichole Mitchell,"Vicki Garcia, Marcus Leonard, Christopher Ross",Japan,"August 10, 2021",2022,G,131 min
s0148,Movie,Discuss when,Amanda Small,"Christopher Williams, John Wilson, Jean Freeman",South Korea,"January 13, 2023",2003,G,133 min
s0149,Movie,Western enough,Maria Bass,"Travis Patel, Jerry Fields, Melissa Howard",Germany,"December 02, 2024",2021,TV-MA,123 min
s0150,TV Show,Simply red,Michael Jackson,"Wendy Bailey, Anthony Smith, Vernon Scott, Jeffrey Cook",France,"January 17, 2024",2005,G,6 Seasons
